list_no,signature,title,date,place,publisher_or_imprint,agent_signal,comparison_tags,evidence_status,source_id,normalisation_note
1,"Merkel D 8041","Biblia Ectypa. Bildnußen auß Heiliger Schrifft deß Alt- und Neuen Testaments","1695","Augsburg","Weigel","Christoph Weigel","biblical_image_series;frontispiece;serial_images","reported_correspondence","source.mail.gnm-library-2026-04-22","Catalogue-derived holding; inspect front matter before analytical use"
2,"Merkel D 7155","Ethica Naturalis Seu Documenta Moralia","ca. 1700",,"Weigel","Christoph Weigel; engravings reported after Jan and Kasper Luiken","natural_history;emblem;morals;comparison","reported_correspondence","source.mail.gnm-library-2026-04-22","Potential control case for visual comparison"
3,"Merkel D 7140","Vollkommene Wieder-Herstellung der gründlich- u. zierlichen Schreib-Kunst","ca. 1716","Nürnberg",,"Christoph Weigel","writing;instruction;visual_procedure","reported_correspondence","source.mail.gnm-library-2026-04-22","Catalogue title supplied by GNM"
4,"Merkel D 7001","Sacra Scriptura Loquens In Imaginibus","1695","Nürnberg","Weigel","Christoph Weigel","biblical_image_series;miniature_format;serial_images","reported_correspondence","source.mail.gnm-library-2026-04-22","48° format may be useful for scale/use comparison"
5,"4° V. 329","Abbildung und Beschreibung derer sämtlichen Schmeltz-Hütten-Beamten und Bedienten","1721","Nürnberg","Weigel","Christoph Weigel","professions;mining;classification","reported_correspondence","source.mail.gnm-library-2026-04-22","Bound-with item"
6,"2° Rl. 362 i [2]","Historiae Celebriores Novi Testamenti Iconibus Repræsentatæ","1708?","Nürnberg","Weigel; Endter [Herstellung]","Christoph Weigel","biblical_image_series;memory;serial_images","reported_correspondence","source.mail.gnm-library-2026-04-22","Date supplied in brackets by catalogue"
7,"2° Rl. 362 i [1]","Historiae Celebriores Veteris Testamenti Iconibus Repræsentatæ","1708?","Nürnberg","Weigel; Endter [Herstellung]","Christoph Weigel","biblical_image_series;memory;serial_images","reported_correspondence","source.mail.gnm-library-2026-04-22","Date supplied in brackets by catalogue"
8,"4° V. 329","Abbildung und Beschreibung derer sämtlichen Berg-Wercks-Beamten und Bedienten","1721","Nürnberg","Weigel","Christoph Weigel","professions;mining;classification","reported_correspondence","source.mail.gnm-library-2026-04-22","25 copper plates reported; bound-with item"
9,"Merkel D 795","Die Welt in einer Nuß oder Die Historien vom Anfang Der Welt","ca. 1700","Nürnberg",,"Christoph Weigel","history;chronology;mnemonic_compression","reported_correspondence","source.mail.gnm-library-2026-04-22","High-priority comparison case for compressed historical ordering"
10,"4° Lr 170/2","Neu-eröffnete Welt-Galleria","1703","Nürnberg","Weigel","Abraham a S. Clara; Christoph Weigel; after Caspar Luyken","costume;social_orders;classification","reported_correspondence","source.mail.gnm-library-2026-04-22","One of two GNM copies/list positions"
11,"4° Lr 170/1","Neu-eröffnete Welt-Galleria","1703","Nürnberg","Weigel","Abraham a S. Clara; Christoph Weigel; after Caspar Luyken","costume;social_orders;classification","reported_correspondence","source.mail.gnm-library-2026-04-22","Second GNM copy/list position; preserve separately"
12,"8° Kd 197/88","Abbildung der gemein-nützlichen Haupt-Stände","1977","Dortmund","Harenberg","Christoff Weigel; modern reprint","professions;reprint;reception","reported_correspondence","source.mail.gnm-library-2026-04-22","Modern reprint; contextual/reception only"
13,"8° Rl. 360","Biblia Ectypa: Bildnüssen auss Heiliger Schrifft dess Neuen Testaments",,"Regensburg","Weigel","Christoph Weigel","biblical_image_series;serial_images","reported_correspondence","source.mail.gnm-library-2026-04-22","Date unresolved in supplied list"
14,"8° Rl. 3072 ft","Passio Domini nostri Iesu Christi; Neo-coelatis iconibus expressa","1693","Augsburg","Weigel","Johann Jacob von Sandrart; Christoph Weigel","religious_images;engraving;publication_network","reported_correspondence","source.mail.gnm-library-2026-04-22","Title page missing in GNM copy per supplied catalogue note"
15,"2° G. 586","Gedächtnuß-hülffliche Bilder-Lust der merckwürdigsten Begebenheiten des 1697ten Jahrs","1697","Nürnberg?","Tauber?","Chr. Weigel excudit","history;annual;memory;chronology","reported_correspondence","source.mail.gnm-library-2026-04-22","High-priority comparison: annual historical memory aid"
16,"2° G. 586","Gedächtnuß-hülffliche Bilder-Lust der merckwürdigsten Begebenheiten des 1696ten Jahrs","1696","Nürnberg?","Tauber? or Weigel?","Chr. Weigel excudit","history;annual;memory;chronology","reported_correspondence","source.mail.gnm-library-2026-04-22","Publisher uncertain in catalogue; preserve uncertainty"
17,"2° G. 586","Sculptura Historiarum Et Temporum Memoratrix","1698","Nürnberg","Tauber","Gregor Andreas Schmidt; Christoph Weigel","history;chronology;memory;visual_order","reported_correspondence","source.mail.gnm-library-2026-04-22","High-priority control for visualised historical memory and order"
18,"Merkel D 1697 / 8° Lr 176/1","Deutliche Vorstellung der Nürnbergischen Trachten","1766","Nürnberg","Tyroff","Christoph Weigel [catalogued illustrator]; Tyroff imprint","costume;reuse;publisher_succession","reported_correspondence","source.mail.gnm-library-2026-04-22","Potential reuse/succession case; inspect source relationships carefully"
19,"4° Or 173/1 ; Slg: N 263","Ein Schock Phantast'n in einem Kasten mit Ihrem Pourtrait gar net in Kupffer gebracht und ausgelacht","ca. 1690","Nürnberg","Weigel","Christoph Weigel; attributed Abraham a Sancta Clara","portrait;serial_images;satire","reported_correspondence","source.mail.gnm-library-2026-04-22","Comparison case"
20,"8° Qn 196/25","Die Bauleuthe ... aus der Abbildung der gemein-nützlichen Haupt-Stände","1963","München","Callwey","Christoff Weigel; modern selection","professions;reprint;reception","reported_correspondence","source.mail.gnm-library-2026-04-22","Modern derivative selection"
21,"2° Lö. 80","Historiae Celebriores Veteris Testamenti Iconibus Repraesentatae","1712","Nürnberg",,"Christoph Weigel","biblical_image_series;memory;serial_images","reported_correspondence","source.mail.gnm-library-2026-04-22","258 leaves of engravings reported"
22,"[S] 8° Kz WEI 025/4","Abbildung Der Gemein-Nützlichen Haupt-Stände","1698","Regensburg",,"Christoff Weigel","professions;classification;serial_images","reported_correspondence","source.mail.gnm-library-2026-04-22","Title leaf missing in GNM copy per catalogue note"
23,"[Kapsel] 8° Vh FRE 020/1","Christoph Weigels 'Markscheider', 'Häuer' und 'Untersteiger' (1721)","1976","Wien","Montan-Verl.","Franz Kirnbauer; Christoph Weigel subject","mining;reception;secondary","reported_correspondence","source.mail.gnm-library-2026-04-22","Secondary/reception item"
24,"8° Kz WEI 025/3","Abbildung und Beschreibung der gemein-nützlichen Hauptstände","1987","Nördlingen","Uhl","Christoph Weigel; facsimile reprint","professions;reprint;reception","reported_correspondence","source.mail.gnm-library-2026-04-22","Facsimile of 1698 edition"
25,"8° Kz WEI 025/2","Handwerk um 1700: holländische und deutsche Kupferstiche","1985","Hürtgenwald","Pressler","Christoph Weigel; Abraham a Sancta Clara; Margarete Wagner","professions;reception;secondary","reported_correspondence","source.mail.gnm-library-2026-04-22","Same signature/title recurs at list position 31"
26,"8° Lr TUR 40/1","Wahreste und neueste Abbildung des Türckischen Hofes","1723","Nürnberg","Weigel","Charles de Ferriol; Weigel","costume;ethnographic_display;serial_images","reported_correspondence","source.mail.gnm-library-2026-04-22","Comparison case for ordered visual difference"
27,"8° K. 376 bb","Die Grösse und Mannigfaltigkeit in den Reichen der Natur und Sitten","1766","Nürnberg","[Tyroff]","Georg Andreas Will; Christoph Weigel","nature;morals;reuse;publisher_succession","reported_correspondence","source.mail.gnm-library-2026-04-22","High-priority cross-domain case; supplied list includes HAAB full-text lead"
28,"4° H. 1267","Erläuterung einer überaus raren Münze von dem Erzbischoffen zu Cöln Piligrim ...","1748","Nürnberg","Christoph Weigel des ältern seel. Erben; Andreas Bieling [printer]","Samuel Wilhelm Oetter; Martin Tyroff [catalogued illustrator]","numismatics;evidence;publisher_succession","reported_correspondence","source.mail.gnm-library-2026-04-22","Very high-priority control: coins + Weigel heirs + Tyroff"
29,"Slg: Hch 143 / 8° Df 192/2","Die Buchgewerbe in den Traktaten Etwas für Alle des Abraham a Santa Clara","1926","Wien etc.","Berthold","Christoph Weigel engravings; Abraham a Sancta Clara","book_trade;reception;secondary","reported_correspondence","source.mail.gnm-library-2026-04-22","Reception/selection item"
30,"8° Cc 196/15","Abraham a Sancta Clara: von Papieren, Schreibern, Kupferstechern, Schriftgießern, Buchdruckern und Buchbindern","1969","Frankfurt am Main","Polygraph Verlag","Christoph Weigel after Caspar Luyken; Helmut Presser","book_trade;reception;secondary","reported_correspondence","source.mail.gnm-library-2026-04-22","Reception/selection item"
31,"8° Kz WEI 025/2","Handwerk um 1700: holländische und deutsche Kupferstiche","1985","Hürtgenwald","Pressler","Christoph Weigel; Abraham a Sancta Clara; Margarete Wagner","professions;reception;secondary;duplicate_candidate","reported_correspondence","source.mail.gnm-library-2026-04-22","Duplicate candidate of list position 25; preserved because full-sweep rule"
32,"Merkel D 7317 [1]","Commentatio Succincta In Codicem Juris Statuarii Norici ... Theil 1","1737","Nürnberg","Endter","Lazarus Carl von Wölckern; J. A. Metsch; Ernst Franz von Glandorff; Martin Tyroff","law;civic_order;engraving","reported_correspondence","source.mail.gnm-library-2026-04-22","Control case for civic/legal ordering"
33,"Merkel D 7317 [2/3]","Commentatio Succincta In Codicem Juris Statuarii Norici ... Theil 2 and Theil 3","1737",,"","Lazarus Carl von Wölckern; J. A. Metsch; Ernst Franz von Glandorff; Martin Tyroff","law;civic_order;engraving","reported_correspondence","source.mail.gnm-library-2026-04-22","Two parts grouped in supplied list position"
34,"Merkel D 7988","Erklärung dreyer respective Emblematischer Vorstellungen ...","1758","Wetzlar?",,"Johann Justus Preißler; Martin Tyroff","emblem;heraldry_candidate;engraving","reported_correspondence","source.mail.gnm-library-2026-04-22","Potential comparison for emblematic composition"
35,"Merkel D 7570","Historia Naturalis Ranarum Nostratium / Die natürliche Historie der Frösche hiesigen Landes","1758","Nürnberg","Johann Joseph Fleischmann [printer]","August Johann Rösel von Rosenhof; Martin Tyroff [engraver]","natural_history;comparison;engraving","reported_correspondence","source.mail.gnm-library-2026-04-22","High-priority natural-history control case for Tyroff's evidentiary image work"