lead_id,institution_or_resource,lead_type,reported_scope,relevance,evidence_status,next_action
lead-001,"Germanisches Nationalmuseum, Graphische Sammlung","collection","Large number of Christoph Weigel and Martin Tyroff engravings; artist-card scans supplied; much not searchable online","Primary route for plate-level comparison and uncatalogued graphic holdings","reported_correspondence","Transcribe artist cards into item-level records; request/inspect high-priority boxes"
lead-002,"Germanisches Nationalmuseum, Kulturhistorische Blätter","subject_boxes","Four boxes devoted to heraldry, largely alphabetised by coat-of-arms name","Potential comparative heraldic imagery outside the known Clio series","reported_correspondence","Create box-level inventory during visit; photograph catalogue labels and relevant sheets where permitted"
lead-003,"Germanisches Nationalmuseum Library","catalogue_holdings","35 supplied list positions for Weigel/Tyroff works","Extended comparison set across genres","reported_correspondence","Promote selected records after digital/physical inspection"
lead-004,"Germanisches Nationalmuseum, Historical Archive","archival_negative_search","Staff reported no Weigel material located in their search","Bounded negative evidence; helps redirect effort","reported_correspondence","Record search scope/date; do not generalise to universal absence"
lead-005,"Germanisches Nationalmuseum, Historical Archive","archival_item","Few isolated Tyroff engravings","Possible production/context evidence","reported_correspondence","Inspect item-level references from supplied archive PDFs during a later archival pass"
lead-006,"Germanisches Nationalmuseum, Historical Archive","archival_item","18th-century document concerning a 'Tyroff's house'; connection to Martin Tyroff uncertain","Potential household/workshop/property context","reported_correspondence","Resolve person/property identity before linking to Martin Tyroff"
lead-007,"Stadtarchiv Nürnberg","archive","Few archival records explicitly relating to Johann Christoph Weigel; many reportedly name him only as publisher","Publisher/firm context and authority control","reported_correspondence","Search surname first, then given name; log all literal name forms and roles"
lead-008,"Stadtarchiv Nürnberg","authority_control","Explicit warning about confusion among similarly named Weigel family members","Critical to agent normalisation","reported_correspondence","Build a source-backed Weigel family/firm authority table before merging names"
lead-009,"Stadtarchiv Nürnberg","business_history","Reported succession from Weigel widow/family through Martin Tyroff and Johann David Tyroff, with later ownership changes","Explains possible plate/imprint continuity across generations","reported_correspondence","Verify each transition against imprints, civic records, and business-history literature"
lead-010,"Staatsarchiv Nürnberg","archive","Recommended by GNM Library for production-process traces","Possible contracts, estates, permissions, business records","reported_correspondence","Run catalogue searches for Weigel, Tyroff, Kunsthandlung, Verlag, Nachlass, Bürgerrecht, property/business terms"
lead-011,"Stadt Nürnberg / municipal graphic collection","graphic_collection","Recommended as another Nuremberg graphic-arts route","Possible duplicate impressions, variants, and local provenance","reported_correspondence","Identify current catalogue/contact point and search Weigel/Tyroff/Heraldik"
lead-012,"GNM Object Catalog","online_catalogue","Institutional object catalogue","Public cross-check for already catalogued graphic objects","reported_correspondence","Search all authority-name variants and retain zero-hit/search logs"
lead-013,"GNM Library Online Catalog","online_catalogue","Institutional library catalogue","Bibliographic verification of GNM seed list","reported_correspondence","Resolve signatures, editions, contributors, and duplicate copies"
lead-014,"Marburger Bildindex","image_catalogue","Recommended image search resource","Cross-institutional print/image discovery","reported_correspondence","Search literal inscriptions, Weigel/Tyroff, Clio, Genealogie, Heraldik, Wappenkalender"
lead-015,"Bayerische Staatsbibliothek digital collections","digital_copy","Public digital copy of Gatterer's Handbuch der neuesten Genealogie und Heraldik referenced in the original GNM enquiry","Core 1762 witness","unresolved","Capture stable record, page sequence, image dimensions, frontispiece and title-page context"
lead-016,"Weigel–Tyroff Verlagskupfer chain: Ethica Naturalis ca.1700 → Huy und Pfuy 1707 → Die Grösse und Mannigfaltigkeit 1766","digital_copy+authority_control","Primary 1766 preface states old coppers were already in the publisher's office, previously used, uneconomic to replace, and calls them Verlagskupfer. Met/DNB/DDB/Folger controls resolve Ethica publisher as elder Christoph Weigel (1654–1725) with Jan/Caspar Luyken as designers/printmakers. LEO-BW/HAB records Huy und Pfuy 1707 with 100 copperplates and Christoph Weigel as publisher. A surviving-copy description tied to VD18 14823888-001 styles the 1766 publisher 'J. D. Tyroff der ältern Christoph Weigels seel. Erb.'; Rijksmuseum independently catalogues J.D. Tyroff 1766 and says the Luyken engravings first appeared in Ethica Naturalis ca.1700.","Direct actor-level evidence that reusable publisher-held copper stock could outlive textual hosts and the original publisher, pass through Weigel/Tyroff succession, and receive new textual/didactic programmes","verified_primary_plus_authority_control","Text/custody chain closed in docs/VERLAGSKUPFER_AS_REUSABLE_PLATE_STOCK_1766_2026-08-26.md and data/verlagskupfer_reuse_control_2026-08-26.jsonl. Next escalation is image-level only: sample several numbered plates across Ethica / Huy und Pfuy / 1766 for exact matrix identity, dimensions, captions and wear. Bauer cols. 924–928 remains a bounded manual scholarship control under M024."
lead-017,"Das Nürnberger Buchgewerbe (Diefenbacher/Fischer-Pache/Grieb)","reference_work","Recommended overview of Nuremberg printers, publishers and print dealers, 16th-18th centuries","Firm/person authority control and publishing context","reported_correspondence","Extract Weigel/Tyroff entries with page references and reconcile against archival/imprint evidence"
lead-018,"Calendar advertisements/reviews","periodical_print","Contemporary evidence now separates three registers: sustained title/advertising language 'neu vermehrt und verbessert' / 'aufs neue durchgesehen, verbessert und vermehrt'; Köhler 1749 'Nutz der Wappenkenntnüß zur Entdeckung einer historischen Wahrheit' with two copperplates; Gatterer 1766/1767 plate-based student pedagogy. The earlier draft phrase 'Prüfung der Wahrheit' remains unverified as a literal period quotation.","Dates serial change and contemporary evidentiary vocabulary without collapsing distinct registers","verified_primary","Closed in docs/REVISION_TRUTH_AND_VISUAL_PEDAGOGY_VOCABULARIES_1728_1767_2026-08-26.md. Reopen only for a specific newly surfaced period review/advertisement containing the exact 'Prüfung der Wahrheit' wording."
lead-019,"Martin Mulsow, Schlegel/Tentzel numismatic-history reconstruction","scholarship","Full article and footnotes now controlled at item level: FB Gotha Ch. B 1740 fair copy; Ch. B 1739 rough draft; Schlegel testimony to eight folio copperplates financed by Haugwitz; 1701 Tentzel-mediated transfer of collection/plates to Weimar; Franck 1723 eight-plate publication likely reuses the same plates or close variants; correspondence shelfmarks and candidate engraver context identified.","Deep prehistory for plate/text/object custody separation and delayed re-hosting of visual evidence","verified_scholarship_item_level","Closed as research synthesis in docs/SCHLEGEL_HAUGWITZ_FRANCK_PLATE_CUSTODY_1697_1723_2026-08-26.md. Next escalation is archival/image-level only: compare Franck 1723 plates against manuscript numbering and inspect FB Gotha Ch. B 1740/1739, Ch. B 201, Zm 37 if digital or archival access appears."
lead-020,"André de Melo Araújo, Evidentiary Authority as a System (2025)","scholarship","Full article controlled at analytical level: reconstructs Gatterer's 1755 Historia genealogica as a collective verbal-visual-material information system, including manuscript slips, drawings, engravings, inserted plates, surviving artifacts, production roles and reproduction errors.","Closest modern historiographical comparator for evidence systems and cumulative empiricism; establishes broad visual-evidence claims as prior art","verified_scholarship_item_level","Closed into docs/HISTORIOGRAPHY_BOUNDARY_ARAUJO_GATTERER_VISUAL_EVIDENCE_2025_2026.md. Reopen only for a specific unresolved footnote, object identification or production-network edge."
lead-021,"André de Melo Araújo, The First Page of History (2020)","scholarship","Full PDF controlled. Araújo explicitly distinguishes frontispiece from title page and restricts the main corpus to title pages; shows stable serial iconography can use multiple metal matrices, and uses wear/ink defects to identify migration of one physical ornament between publishers.","Direct methodological comparator for threshold materiality and plate-state reasoning; importantly leaves separately printed frontispiece lineage as a distinct object scale","verified_scholarship_item_level","Closed into docs/HISTORIOGRAPHY_BOUNDARY_ARAUJO_GATTERER_VISUAL_EVIDENCE_2025_2026.md. Reopen only for a specific title-page matrix comparison or bibliographic footnote."
lead-022,"Köhler direct-citation search: Eccard/Eckhart/Döderlein","negative_search","Bounded full-series searchable-index and supplement sweep across 22 volumes finds no Eccard/Eckhart/Eckard or Döderlein/Doederlein/Doderlein name hit; targeted web/OCR searches likewise surfaced no direct Johann David Köhler citation. This is a bounded negative, not proof of absolute absence from every page.","Important boundary on claims of textual transmission; prevents a false linear Schlegel→Eccard→Döderlein→Köhler chain","bounded_negative","Closed in docs/KOHLER_ECCARD_DOEDERLEIN_BOUNDED_NEGATIVE_1729_1750_2026-08-26.md. Reopen only for reliable full-text concordance, a specific page citation, correspondence, annotations, or publisher records."
lead-023,"Seyfart/Raspe frontispiece persistence and identity, 1767–1776","copy_census+digital_copy","Late threshold apparatus is now catalogue-verified but copy-dependent: Venator & Hanstein lot 239 describes a four-volume 1767–1776 set with three repeated engraved frontispieces and notes that vol. I also retains the Fortgesetzter Wappen-Calender 1767 title; a separate 1767–1771 vols.1–2 set is collated with 372 armorial coppers plus one separate tincture plate and does not count a frontispiece; a separately catalogued 1771 volume has a Titelkupfer plus 193 armorial plates. DDB/BSB controls bsb11343160 (1767), while Google Play exposes Fortgesetzter Wappen-Calender 1767 as O5ZAAAAAcAAJ. Exact image identity remains unknown.","Critical terminal test is now copy-level: establish which late configurations retain/repeat/omit a threshold plate, then determine whether any surviving frontispiece is the Müller–Tyroff Clio design","verified_catalogue_copy_divergence","Closed at persistence/configuration level in docs/SEYFART_FRONTISPIECE_COPY_DIVERGENCE_1767_1776_2026-08-26.md. Next escalation is image-level only: inspect first image leaves of bsb11343160, bsb10481709 and/or related 1767–68 copies; test Clio inscription/composition and capture signatures, frame, lettering, wear and binding/title sequence. Existing manual M006/M007 already cover this; do not create duplicate user work."
lead-024,"Auktionshaus Weidler 2026 lot 8009 / ca.1773 Clio-bearing book","market_copy+host_identification","Official Weidler catalogue describes one physical book as 'Wappenbuch Historia Genealogia Heraldica/Testes Temporum et Veritatis wohl um 1773' with numerous armorial representations and Stammtafeln. A distinct BSB 1773 Seyfart Handbuch der neuesten Genealogie survives as bsb10428164, while 1773 Wappenbuch vol.3 survives separately as bsb10428783. Because the Handbuch title explicitly foregrounds Stammtafeln and the 1768 same-series institutional record reports a Frontisp., the Handbuch is currently the stronger probable host for the Weidler object; no auction image/title leaf is available to confirm the match.","Potential late positive Clio endpoint around 1773 and a discriminating test between genealogy-handbook and cumulative-Wappenbuch host regimes","verified_catalogue_plus_research_inference","Evidence and guardrails recorded in docs/WEIDLER_1773_CLIO_HANDBUCH_IDENTIFICATION_2026-08-26.md. Manual M025 requests only the opening 4–6 scans of BSB bsb10428164: Clio plate, bottom signature and literal title page. Promote to a 1773 target witness only if the image/title sequence confirms the host; otherwise retain the Weidler object as an unidentified ca.1773 market witness."