year,phase,issue_no_or_status,title_family,publisher_or_imprint,copy_or_digital_anchor,frontispiece_status,evidence_status,notes
1723,weigel_calendar,1_expected,Geschichts-Geschlechts-und-Wappen-Calender,Weigel,"BSB Geneal. 46-1723; urn:nbn:de:bvb:12-bsb10428125-1",unknown,verified_catalogue,"Series opening year in ZDB/DNB; inspect front matter"
1724,weigel_calendar,2_expected,Geschichts-Geschlechts-und-Wappen-Calender,Christoph Weigel,"antiquarian complete-copy description; Polish auction catalogue",different_event_frontispiece_reported,verified_catalogue,"Frontispiece described as Gedenckwürdigkeiten des 1722ten Jahres / important events of 1722; critical negative witness for target Clio design"
1725,weigel_calendar,3_expected,Geschichts-Geschlechts-und-Wappen-Calender,Christoph Weigel,"BSB/MDZ bsb10428127; DNB individual holding; current auction/loose-leaf traces",frontispiece_identity_unresolved,verified_catalogue,"Priority transition-year witness; digital object located but frontispiece page not yet directly inspected in current sweep"
1726,weigel_calendar,4_expected,Geschichts-Geschlechts-und-Wappen-Calender,Weigel widow,"Auction Imperia 2025 lot imagery",target_design_visible_web_image,verified_catalogue,"Earliest currently located positive image-level witness for Historia Genealogia Heraldica design"
1727,weigel_calendar,5,Geschichts-Geschlechts-und-Wappen-Calender,"L. Bieling for C. Weigels Witwe","BSB digital coverage via HEIDI/ZDB; Katalog 37 physical-copy description",frontispiece_unreported_in_that_copy,verified_catalogue,"Katalog 37 explicitly calls 1727 the fifth newly enlarged and improved issue; incomplete copy lacks enough material that no frontispiece count is given"
1728,weigel_calendar,6,Geschichts-Geschlechts-und-Wappen-Calender,"L. Bieling for C. Weigels Witwe","ULB Düsseldorf digital; Katalog 37; antiquarian catalogue copies",engraved_frontispiece_identity_unchecked,verified_catalogue,"Physical-copy catalogue: engraved frontispiece + 12 portraits + engraved colour-key plate + 89 armorial engravings; 60 numbered double-leaf genealogical tables; publisher advertisements"
1729,weigel_calendar,7_expected,Geschichts-Geschlechts-und-Wappen-Calender,Weigel constellation,"BSB digital coverage; DNB holdings from 7.1729 onward",unknown,verified_catalogue,"Inspect scan; same year Köhler begins Historische Münz-Belustigung"
1730,weigel_calendar,8_expected,Geschichts-Geschlechts-und-Wappen-Calender,Weigel constellation,"BSB digital coverage",unknown,verified_catalogue,"Inspect scan"
1731,weigel_calendar,9,Geschichts-Geschlechts-und-Wappen-Calender,"Barbara Magdalena Weigel / Weigel constellation","BSB Geneal. 46-1731; urn:nbn:de:bvb:12-bsb10428133-5; HAB copy",unknown,verified_catalogue,"HAB Christine Luise copy adds copy-level provenance"
1732,weigel_calendar,10,Geschichts-Geschlechts-und-Wappen-Calender,"L. Bieling for C. Weigels Witwe","BSB Geneal. 46-1732; urn:nbn:de:bvb:12-bsb11304570-1; Katalog 37",engraved_frontispiece_identity_unchecked,verified_catalogue,"Katalog 37 confirms tenth issue and reports frontispiece + 12 portraits + colour-key plate + 89 armorial engravings"
1733,weigel_calendar,11,Geschichts-Geschlechts-und-Wappen-Calender,"Barbara Magdalena Weigel / Weigel constellation","ULB Düsseldorf digital; HAB digital urn:nbn:de:hbz:061:1-621333",unknown,verified_catalogue,"Loose armorial leaves survive separately; verso genealogical tables"
1734,weigel_calendar,12,Geschichts-Geschlechts-und-Wappen-Calender,Weigel,"Kiefer auction copy",engraved_frontispiece_identity_unchecked,verified_catalogue,"Incomplete copy still records engraved frontispiece and extensive portrait/armorial-table apparatus"
1735,weigel_calendar,13,Geschichts-Geschlechts-und-Wappen-Calender,"L. Bieling for C. Weigels Witwe","Venator & Hanstein lot 96; BSB digital",engraved_frontispiece_identity_unchecked,verified_catalogue,"Frontispiece physically noted as tipped/hinged in gutter; 93 armorial engravings"
1736,weigel_calendar,14,Geschichts-Geschlechts-und-Wappen-Calender,Christoph Weigel,"BSB Geneal. 46-1736; urn:nbn:de:bvb:12-bsb10428137-6; Narrenschiff listing",target_design_probable_from_listing,verified_catalogue,"Seller labels item Historia Genealocica Heraldica and records engraved allegorical frontispiece; verify exact plate"
1737,weigel_calendar,15,Geschichts-Geschlechts-und-Wappen-Calender,"L. Bieling for C. Weigels Witwe","Katalog 37; surviving complete-copy listings; detached print market",target_design_explicit_detached_print,verified_catalogue,"Katalog 37 confirms fifteenth issue and reports engraved frontispiece; detached 198 x 122 mm print titled Historia. Genealogia. Heraldica. Testes temporum et veritatis preserves traces of former binding"
1738,weigel_calendar,16,Geschichts-Geschlechts-und-Wappen-Calender,"L. Bieling for C. Weigels Witwe","ULB Düsseldorf digital; Katalog 37; ZVAB copies; Dorotheum lot 108",allegorical_frontispiece_reported_copy_variation,verified_catalogue,"Katalog 37 confirms sixteenth issue with engraved frontispiece; another Dorotheum copy explicitly lacks frontispiece and flyleaves"
1739,weigel_calendar,17,Geschichts-Geschlechts-und-Wappen-Calender,"C. Weigels d. Ä. seel. Wittib / L. Bieling","KIT/antiquarian holdings",engraved_frontispiece_identity_unchecked,verified_catalogue,"Inspect scan/copy"
1740,weigel_calendar,18_expected,Geschichts-Geschlechts-und-Wappen-Calender,Weigel,"British Museum 1910,0906.2; BSB Geneal. 46-1740; urn:nbn:de:bvb:12-bsb10428140-4",target_design_explicit_muller_tyroff,verified_catalogue,"British Museum explicitly catalogues frontispiece as Martin Tyroff after Gabriel Müller and transcribes Historia Genealogia Heraldica / testes temporum et veritatis; approx. 198 x 115 mm. Separate later evidence reports armorial sheets from a 1740 calendar cut and pasted into Wapen Sammlung volumes"
1741,weigel_calendar,19,Geschichts-Geschlechts-und-Wappen-Calender,Weigel,"antiquarian copy",engraved_frontispiece_reported,verified_catalogue,"109 armorial engravings in one description; inspect exact frontispiece"
1742,weigel_calendar,20_expected,Geschichts-Geschlechts-und-Wappen-Calender,Weigel,"BSB digital coverage; antiquarian copy",engraved_frontispiece_reported,verified_catalogue,"Catalogue describes 100 copper plates and 124 genealogical tables"
1743,weigel_calendar,21,Geschichts-Geschlechts-und-Wappen-Calender,Weigel,"BSB digital coverage / ZVAB trace",unknown,verified_catalogue,"Inspect scan"
1744,weigel_calendar,22,Geschichts-Geschlechts-und-Wappen-Calender,"C. Weigels d. Ä. seel. Wittib / A. Bieling","ULB Düsseldorf digital; ZVAB complete copy; Katalog 37",target_design_explicit,verified_catalogue,"Explicit target frontispiece in complete-copy description; Katalog 37 also records issue 22 and engraved frontispiece"
1745,weigel_calendar,23,Geschichts-Geschlechts-und-Wappen-Calender,Weigel,"BSB digital; Russian library/auction trace",engraved_frontispiece_reported,verified_catalogue,"Inspect exact plate"
1746,weigel_calendar,24,Geschichts-Geschlechts-und-Wappen-Calender,Weigel,"ZDB holdings; BSB digital coverage",unknown,verified_catalogue,"Inspect scan"
1747,weigel_calendar,25,Geschichts-Geschlechts-und-Wappen-Calender,Weigel,"Rostock digital; auction copy",engraved_frontispiece_reported,verified_catalogue,"Catalogue reports extensive armorial engravings and genealogical tables"
1748,weigel_calendar,26,Geschichts-Geschlechts-und-Wappen-Calender,Weigel,"ULB Düsseldorf digital; BSB digital",unknown,verified_catalogue,"Number 26 confirmed by Düsseldorf series metadata; inspect target plate"
1749,weigel_calendar,27,Geschichts-Geschlechts-und-Wappen-Calender,Weigel,"BSB digital coverage; ZVAB trace",unknown,verified_catalogue,"Inspect scan"
1750,weigel_calendar,28_expected,Geschichts-Geschlechts-und-Wappen-Calender,Weigel,"BSB digital coverage",unknown,verified_catalogue,"Inspect scan"
1751,weigel_calendar,29,Geschichts-Geschlechts-und-Wappen-Calender,"A. Bieling for C. Weigels Erben","ULB Düsseldorf digital; Katalog 37; Kiefer auction copy",engraved_frontispiece_reported,verified_catalogue,"Katalog 37 confirms twenty-ninth issue and reports engraved frontispiece, medal plate and 101 surviving of about 109 armorial engravings in its incomplete copy"
1752,weigel_calendar,30_expected,Geschichts-Geschlechts-und-Wappen-Calender,Weigel,"BSB digital coverage",unknown,verified_catalogue,"Inspect scan"
1753,weigel_calendar,31_expected,Geschichts-Geschlechts-und-Wappen-Calender,Weigel,"ZDB holdings / series evidence",unknown,verified_catalogue,"Inspect surviving copy"
1754,weigel_calendar,32_expected,Geschichts-Geschlechts-und-Wappen-Calender,Weigel,"BSB digital coverage",unknown,verified_catalogue,"Inspect scan; late Köhler phase"
1755,weigel_calendar,33,Geschichts-Geschlechts-und-Wappen-Calender,"A. Bieling for C. Weigels Erben","Katalog 37 complete-copy description; ZDB/DNB serial evidence",engraved_frontispiece_reported,verified_catalogue,"Physical-copy catalogue explicitly transcribes 'zum drey und dreysigstenmal' and reports a complete copy with engraved frontispiece, colour-key plate, coin plate, 109 armorial engravings and 79 numbered double-leaf genealogical tables. Earlier secondary claims that no 1755 issue appeared are contradicted and should be downgraded"
1756,weigel_calendar,34,Geschichts-Geschlechts-und-Wappen-Calender,"Bieling for Weigel","BSB digital coverage; Kiefer/Barnebys copy; Katalog 37 sequence",engraved_frontispiece_reported,verified_catalogue,"Explicitly thirty-fourth issue; sequence now independently supported by 1755 thirty-third physical-copy catalogue"
1757,weigel_calendar,35,Geschichts-Geschlechts-und-Wappen-Calender,Weigel,"BSB digital coverage; serial catalogues; Katalog 37 sequence",engraved_frontispiece_reported,verified_catalogue,"Thirty-fifth and last ZDB/DNB numbered issue; inspect target identity"
1759,gatterer_handbuch,n/a,Handbuch der neuesten Genealogie und Heraldik,"Christoph Weigel / Andreas Bieling in auction description; Raspe in serial metadata","BSB/DDB related object; Artinfo/OneBid copy",target_design_explicit,verified_catalogue,"Pretitular copperplate explicitly transcribed HISTORIA GENEALOGIA HERALDICA / TESTES TEMPORVM ET VERITATIS; imprint discrepancy itself needs copy-level resolution"
1761,gatterer_handbuch,n/a,Handbuch der neuesten Genealogie und Heraldik,Raspe,"DDB related-object metadata / BSB",frontispiece_identity_unchecked,verified_catalogue,"Inspect front matter"
1762,gatterer_handbuch,n/a,Handbuch der neuesten Genealogie und Heraldik,Raspe,"BSB/DDB; project seed",target_design_reported_in_research_draft,unresolved,"Core seed witness; direct scan-level promotion still pending"
1763,gatterer_handbuch,n/a,Handbuch der neuesten Genealogie und Heraldik,Raspe,"BSB Geneal. 46-1763; urn:nbn:de:bvb:12-bsb10428158-2",frontispiece_identity_unchecked,verified_catalogue,"Inspect front matter"
1764,gatterer_fortgesetzter_calendar,n/a,Fortgesetzter Wappen-Calender oder jährliches Handbuch,Raspe,"BSB Geneal. 46-1764; urn:nbn:de:bvb:12-bsb10428159-2; Invaluable copy",target_design_explicit,verified_catalogue,"Auction description explicitly names Historia Genealogia Heraldica: Testes Temporum Et Veritatis; 136 armorial plates"
1765,gatterer_fortgesetzter_calendar,n/a,Fortgesetzter Wappen-Calender oder jährliches Handbuch,Raspe,"series-level secondary/bibliographic evidence",unknown,unresolved,"Specific primary/digital witness not yet secured in first sweep"
1766,gatterer_fortgesetzter_calendar,n/a,Fortgesetzter Wappen-Calender oder jährliches Handbuch,Raspe,"BSB Geneal. 46-1766; urn:nbn:de:bvb:12-bsb10428160-5",frontispiece_identity_unchecked,verified_catalogue,"Includes Gatterer's heraldic outline and eight explanatory copperplates according to bibliographic descriptions"
1767,seyfart_fortgesetzter_calendar,n/a,Fortgesetzter Wappen-Calender / Der durchlauchtigen Welt vollständiges Wappenbuch,Raspe,"BSB/DDB urn:nbn:de:bvb:12-bsb11343160-9; Stockholms Auktionsverk complete-indexed set 672359; Klimo Library PTE I.VII.7",unnumbered_frontispiece_reported_identity_unchecked,verified_catalogue,"Stockholms set collates vol. I with plates 1-178 plus 1 unnumbered frontispiece; identity not described. DDB confirms 1767 volume and Seyfart/Raspische Handlung. Klimo copy has acquisition ex libris hand-dated 1769"
1768,seyfart_handbuch_wappenbuch,n/a,Handbuch der neuesten Genealogie,Raspe,"BSB Geneal. 46-1768; urn:nbn:de:bvb:12-bsb10481709-1; ULB Halle DOI 10.25673/46429",frontispiece_reported_identity_unchecked,verified_catalogue,"ULB Halle metadata explicitly records Frontisp.; determine whether Clio design survives"
1769,seyfart_handbuch_wappenbuch,n/a,Handbuch der neuesten Genealogie,Raspe,"DDB related-object metadata",unknown,verified_catalogue,"Inspect front matter and binding configuration"
1770,seyfart_handbuch_wappenbuch,n/a,Handbuch der neuesten Genealogie,Raspe,"DDB related-object metadata",unknown,verified_catalogue,"Inspect front matter and plate sequence"
1771,seyfart_handbuch_wappenbuch,n/a,Handbuch der neuesten Genealogie,Raspe,"DDB related-object metadata",unknown,verified_catalogue,"Inspect front matter and plate sequence"
1772,seyfart_wappenbuch,n/a,Der durchlauchtigen Welt vollständiges Wappenbuch,Raspe,"scholarly reuse lead",unknown,research_inference,"Scholarly study tracks reuse of a re-engraved heraldic design into 1772; bibliographic/plate follow-up required"
1773,seyfart_handbuch_wappenbuch,n/a,Handbuch der neuesten Genealogie,Raspe,"DDB related-object metadata",unknown,verified_catalogue,"Inspect front matter and plate sequence"
1776,seyfart_wappenbuch,n/a,Der durchlauchtigen Welt vollständiges Wappenbuch,Raspe,"HEIDI VD18 90114124; later heraldic references",unknown,verified_catalogue,"HEIDI establishes Wappenbuch run 1767-1776; establish exact terminal volume/part and front-matter configuration"